{
  "IsEncrypted": false,
  "Values": {
    "AzureWebJobsStorage": "DefaultEndpointsProtocol=https;AccountName=chronodatsps01;AccountKey=QeXT2uYD1KLgNLJq/Ibt4J8TL6KvVL9DaHxOBPOrtmu+DS4Q4CIgxkwrpyFGrvwQ0MFo/QMDQEbRBeJA1fwbQg==;EndpointSuffix=core.windows.net",
    "FUNCTIONS_WORKER_RUNTIME": "dotnet-isolated",
    "DataverseUrl": "https://orgbf3a235c.crm.dynamics.com",
    "ClientId": "19ab677f-6484-41af-b7b8-6e2f53ec0fb8",
    "APPLICATIONINSIGHTS_CONNECTION_STRING": "",
    "BlobContainerName": "smart-office",
    "BLOB_CONNECTION_STRING": "DefaultEndpointsProtocol=https;AccountName=chronodatsps01;AccountKey=QeXT2uYD1KLgNLJq/Ibt4J8TL6KvVL9DaHxOBPOrtmu+DS4Q4CIgxkwrpyFGrvwQ0MFo/QMDQEbRBeJA1fwbQg==;EndpointSuffix=core.windows.net"
  }
}

